Gene,Drug,Value,SMILES,Seq
WEE1,MK2a Inhibitor,0,C1=CC=C(C(=C1)C2=CC=C(C=C2)CCCC(=O)NC3=CC=C(C=C3)O)F,MSFLSRQQPPPPRRAGAACTLRQKLIFSPCSDCEEEEEEEEEEGSGHSTGEDSAFQEPDSPLPPARSPTEPGPERRRSPGPAPGSPGELEEDLLLPGACPGADEAGGGAEGDSWEEEGFGSSSPVKSPAAPYFLGSSFSPVRCGGPGDASPRGCGARRAGEGRRSPRPDHPGTPPHKTFRKLRLFDTPHTPKSLLSKARGIDSSSVKLRGSSLFMDTEKSGKREFDVRQTPQVNINPFTPDSLLLHSSGQCRRRKRTYWNDSCGEDMEASDYELEDETRPAKRITITESNMKSRYTTEFHELEKIGSGEFGSVFKCVKRLDGCIYAIKRSKKPLAGSVDEQNALREVYAHAVLGQHSHVVRYFSAWAEDDHMLIQNEYCNGGSLADAISENYRIMSYFKEAELKDLLLQVGRGLRYIHSMSLVHMDIKPSNIFISRTSIPNAASEEGDEDDWASNKVMFKIGDLGHVTRISSPQVEEGDSRFLANEVLQENYTHLPKADIFALALTVVCAAGAEPLPRNGDQWHEIRQGRLPRIPQVLSQEFTELLKVMIHPDPERRPSAMALVKHSVLLSASRKSAEQLRIELNAEKFKNSLLQKELKKAQMAKAAAEERALFTDRMATRSTTQSNRTSRLIGKKMNRSVSLTIY
CDK1,MK2a Inhibitor,0,C1=CC=C(C(=C1)C2=CC=C(C=C2)CCCC(=O)NC3=CC=C(C=C3)O)F,MEDYTKIEKIGEGTYGVVYKGRHKTTGQVVAMKKIRLESEEEGVPSTAIREISLLKELRHPNIVSLQDVLMQDSRLYLIFEFLSMDLKKYLDSIPPGQYMDSSLVKSYLYQILQGIVFCHSRRVLHRDLKPQNLLIDDKGTIKLADFGLARAFGIPIRVYTHEVVTLWYRSPEVLLGSARYSTPVDIWSIGTIFAELATKKPLFHGDSEIDQLFRIFRALGTPNNEVWPEVESLQDYKNTFPKWKPGSLASHVKNLDENGLDLLSKMLIYDPAKRISGKMALNHPYFNDLDNQIKKM
SGK2,Tpl2 Kinase Inhibitor,0,C1=CC(=CN=C1)CNC2=NC=C3C(=C2)C(=C(C=N3)C#N)NC4=CC(=C(C=C4)F)Cl,MNSSPAGTPSPQPSRANGNINLGPSANPNAQPTDFDFLKVIGKGNYGKVLLAKRKSDGAFYAVKVLQKKSILKKKEQSHIMAERSVLLKNVRHPFLVGLRYSFQTPEKLYFVLDYVNGGELFFHLQRERRFLEPRARFYAAEVASAIGYLHSLNIIYRDLKPENILLDCQGHVVLTDFGLCKEGVEPEDTTSTFCGTPEYLAPEVLRKEPYDRAVDWWCLGAVLYEMLHGLPPFYSQDVSQMYENILHQPLQIPGGRTVAACDLLQSLLHKDQRQRLGSKADFLEIKNHVFFSPINWDDLYHKRLTPPFNPNVTGPADLKHFDPEFTQEAVSKSIGCTPDTVASSSGASSAFLGFSYAPEDDDILDC
PIM2,Gefitinib,0,COC1=C(C=C2C(=C1)N=CN=C2NC3=CC(=C(C=C3)F)Cl)OCCCN4CCOCC4,MLTKPLQGPPAPPGTPTPPPGGKDREAFEAEYRLGPLLGKGGFGTVFAGHRLTDRLQVAIKVIPRNRVLGWSPLSDSVTCPLEVALLWKVGAGGGHPGVIRLLDWFETQEGFMLVLERPLPAQDLFDYITEKGPLGEGPSRCFFGQVVAAIQHCHSRGVVHRDIKDENILIDLRRGCAKLIDFGSGALLHDEPYTDFDGTRVYSPPEWISRHQYHALPATVWSLGILLYDMVCGDIPFERDQEILEAELHFPAHVSPDCCALIRRCLAPKPSSRPSLEEILLDPWMQTPAEDVPLNPSKGGPAPLAWSLLP
SIK2,Tozasertib,0,CC1=CC(=NN1)NC2=CC(=NC(=N2)SC3=CC=C(C=C3)NC(=O)C4CC4)N5CCN(CC5)C,MVMADGPRHLQRGPVRVGFYDIEGTLGKGNFAVVKLGRHRITKTEVAIKIIDKSQLDAVNLEKIYREVQIMKMLDHPHIIKLYQVMETKSMLYLVTEYAKNGEIFDYLANHGRLNESEARRKFWQILSAVDYCHGRKIVHRDLKAENLLLDNNMNIKIADFGFGNFFKSGELLATWCGSPPYAAPEVFEGQQYEGPQLDIWSMGVVLYVLVCGALPFDGPTLPILRQRVLEGRFRIPYFMSEDCEHLIRRMLVLDPSKRLTIAQIKEHKWMLIEVPVQRPVLYPQEQENEPSIGEFNEQVLRLMHSLGIDQQKTIESLQNKSYNHFAAIYFLLVERLKSHRSSFPVEQRLDGRQRRPSTIAEQTVAKAQTVGLPVTMHSPNMRLLRSALLPQASNVEAFSFPASGCQAEAAFMEEECVDTPKVNGCLLDPVPPVLVRKGCQSLPSNMMETSIDEGLETEGEAEEDPAHAFEAFQSTRSGQRRHTLSEVTNQLVVMPGAGKIFSMNDSPSLDSVDSEYDMGSVQRDLNFLEDNPSLKDIMLANQPSPRMTSPFISLRPTNPAMQALSSQKREVHNRSPVSFREGRRASDTSLTQGIVAFRQHLQNLARTKGILELNKVQLLYEQIGPEADPNLAPAAPQLQDLASSCPQEEVSQQQESVSTLPASVHPQLSPRQSLETQYLQHRLQKPSLLSKAQNTCQLYCKEPPRSLEQQLQEHRLQQKRLFLQKQSQLQAYFNQMQIAESSYPQPSQQLPLPRQETPPPSQQAPPFSLTQPLSPVLEPSSEQMQYSPFLSQYQEMQLQPLPSTSGPRAAPPLPTQLQQQQPPPPPPPPPPRQPGAAPAPLQFSYQTCELPSAASPAPDYPTPCQYPVDGAQQSDLTGPDCPRSPGLQEAPSSYDPLALSELPGLFDCEMLDAVDPQHNGYVLVN
PAK5,PI-103,0,C1COCCN1C2=NC(=NC3=C2OC4=C3C=CC=N4)C5=CC(=CC=C5)O,MFRKKKKKRPEISAPQNFQHRVHTSFDPKEGKFVGLPPQWQNILDTLRRPKPVVDPSRITRVQLQPMKTVVRGSAMPVDGYISGLLNDIQKLSVISSNTLRGRSPTSRRRAQSLGLLGDEHWATDPDMYLQSPQSERTDPHGLYLSCNGGTPAGHKQMPWPEPQSPRVLPNGLAAKAQSLGPAEFQGASQRCLQLGACLQSSPPGASPPTGTNRHGMKAAKHGSEEARPQSCLVGSATGRPGGEGSPSPKTRESSLKRRLFRSMFLSTAATAPPSSSKPGPPPQSKPNSSFRPPQKDNPPSLVAKAQSLPSDQPVGTFSPLTTSDTSSPQKSLRTAPATGQLPGRSSPAGSPRTWHAQISTSNLYLPQDPTVAKGALAGEDTGVVTHEQFKAALRMVVDQGDPRLLLDSYVKIGEGSTGIVCLAREKHSGRQVAVKMMDLRKQQRRELLFNEVVIMRDYQHFNVVEMYKSYLVGEELWVLMEFLQGGALTDIVSQVRLNEEQIATVCEAVLQALAYLHAQGVIHRDIKSDSILLTLDGRVKLSDFGFCAQISKDVPKRKSLVGTPYWMAPEVISRSLYATEVDIWSLGIMVIEMVDGEPPYFSDSPVQAMKRLRDSPPPKLKNSHKVSPVLRDFLERMLVRDPQERATAQELLDHPFLLQTGLPECLVPLIQLYRKQTSTC
DYRK2,Sorafenib,0,CNC(=O)C1=NC=CC(=C1)OC2=CC=C(C=C2)NC(=O)NC3=CC(=C(C=C3)Cl)C(F)(F)F,MLTRKPSAAAPAAYPTGRGGDSAVRQLQASPGLGAGATRSGVGTGPPSPIALPPLRASNAAAAAHTIGGSKHTMNDHLHVGSHAHGQIQVQQLFEDNSNKRTVLTTQPNGLTTVGKTGLPVVPERQLDSIHRRQGSSTSLKSMEGMGKVKATPMTPEQAMKQYMQKLTAFEHHEIFSYPEIYFLGLNAKKRQGMTGGPNNGGYDDDQGSYVQVPHDHVAYRYEVLKVIGKGSFGQVVKAYDHKVHQHVALKMVRNEKRFHRQAAEEIRILEHLRKQDKDNTMNVIHMLENFTFRNHICMTFELLSMNLYELIKKNKFQGFSLPLVRKFAHSILQCLDALHKNRIIHCDLKPENILLKQQGRSGIKVIDFGSSCYEHQRVYTYIQSRFYRAPEVILGARYGMPIDMWSLGCILAELLTGYPLLPGEDEGDQLACMIELLGMPSQKLLDASKRAKNFVSSKGYPRYCTVTTLSDGSVVLNGGRSRRGKLRGPPESREWGNALKGCDDPLFLDFLKQCLEWDPAVRMTPGQALRHPWLRRRLPKPPTGEKTSVKRITESTGAITSISKLPPPSSSASKLRTNLAQMTDANGNIQQRTVLPKLVS
PAK1,Sorafenib,0,CNC(=O)C1=NC=CC(=C1)OC2=CC=C(C=C2)NC(=O)NC3=CC(=C(C=C3)Cl)C(F)(F)F,MSNNGLDIQDKPPAPPMRNTSTMIGAGSKDAGTLNHGSKPLPPNPEEKKKKDRFYRSILPGDKTNKKKEKERPEISLPSDFEHTIHVGFDAVTGEFTGMPEQWARLLQTSNITKSEQKKNPQAVLDVLEFYNSKKTSNSQKYMSFTDKSAEDYNSSNALNVKAVSETPAVPPVSEDEDDDDDDATPPPVIAPRPEHTKSVYTRSVIEPLPVTPTRDVATSPISPTENNTTPPDALTRNTEKQKKKPKMSDEEILEKLRSIVSVGDPKKKYTRFEKIGQGASGTVYTAMDVATGQEVAIKQMNLQQQPKKELIINEILVMRENKNPNIVNYLDSYLVGDELWVVMEYLAGGSLTDVVTETCMDEGQIAAVCRECLQALEFLHSNQVIHRDIKSDNILLGMDGSVKLTDFGFCAQITPEQSKRSTMVGTPYWMAPEVVTRKAYGPKVDIWSLGIMAIEMIEGEPPYLNENPLRALYLIATNGTPELQNPEKLSAIFRDFLNRCLEMDVEKRGSAKELLQHQFLKIAKPLSSLTPLIAAAKEATKNNH
BLK,Vandetanib,1,CN1CCC(CC1)COC2=C(C=C3C(=C2)N=CN=C3NC4=C(C=C(C=C4)Br)F)OC,MGLVSSKKPDKEKPIKEKDKGQWSPLKVSAQDKDAPPLPPLVVFNHLTPPPPDEHLDEDKHFVVALYDYTAMNDRDLQMLKGEKLQVLKGTGDWWLARSLVTGREGYVPSNFVARVESLEMERWFFRSQGRKEAERQLLAPINKAGSFLIRESETNKGAFSLSVKDVTTQGELIKHYKIRCLDEGGYYISPRITFPSLQALVQHYSKKGDGLCQRLTLPCVRPAPQNPWAQDEWEIPRQSLRLVRKLGSGQFGEVWMGYYKNNMKVAIKTLKEGTMSPEAFLGEANVMKALQHERLVRLYAVVTKEPIYIVTEYMARGCLLDFLKTDEGSRLSLPRLIDMSAQIAEGMAYIERMNSIHRDLRAANILVSEALCCKIADFGLARIIDSEYTAQEGAKFPIKWTAPEAIHFGVFTIKADVWSFGVLLMEVVTYGRVPYPGMSNPEVIRNLERGYRMPRPDTCPPELYRGVIAECWRSRPEERPTFEFLQSVLEDFYTATERQYELQP
PIM1,Flt-3 Inhibitor,0,COC1=C(C=C(C=C1)C(=O)NC2=C(C3=C(S2)CCCC3)C(=O)N)OC,MLLSKINSLAHLRAAPCNDLHATKLAPGKEKEPLESQYQVGPLLGSGGFGSVYSGIRVSDNLPVAIKHVEKDRISDWGELPNGTRVPMEVVLLKKVSSGFSGVIRLLDWFERPDSFVLILERPEPVQDLFDFITERGALQEELARSFFWQVLEAVRHCHNCGVLHRDIKDENILIDLNRGELKLIDFGSGALLKDTVYTDFDGTRVYSPPEWIRYHRYHGRSAAVWSLGILLYDMVCGDIPFEHDEEIIRGQVFFRQRVSSECQHLIRWCLALRPSDRPTFEEIQNHPWMQDVLLPQETAEIHLHSLSPGPSK
